action,attribute,txGas,blockGas,time
Regions.registerRegion,1,6721975,155733,406
Regions.addRegionCells,id=1;length=64,6721975,1508082,2034
Regions.addRegionCells,id=1;length=64,6721975,1492602,2448
Regions.addRegionCells,id=1;length=64,6721975,1493154,2715
Regions.addRegionCells,id=1;length=64,6721975,1493310,2479
Regions.addRegionCells,id=1;length=64,6721975,1493034,2783
Regions.addRegionCells,id=1;length=64,6721975,1492614,2818
Regions.addRegionCells,id=1;length=64,6721975,1493178,2620
Regions.addRegionCells,id=1;length=52,6721975,1220043,2124
Regions.registerRegion,2,6721975,125867,442
Regions.addRegionCells,id=2;length=64,6721975,1508370,2923
Regions.addRegionCells,id=2;length=33,6721975,787274,1603
Regions.registerRegion,3,6721975,125927,585
Regions.addRegionCells,id=3;length=64,6721975,1508382,2863
Regions.addRegionCells,id=3;length=64,6721975,1493022,3089
Regions.addRegionCells,id=3;length=22,6721975,536440,1165
Regions.registerRegion,4,6721975,166306,611
Regions.addRegionCells,id=4;length=64,6721975,1483040,3018
Regions.addRegionCells,id=4;length=64,6721975,1493394,2986
Regions.addRegionCells,id=4;length=5,6721975,149400,467
Regions.registerRegion,5,6721975,125891,553
Regions.addRegionCells,id=5;length=64,6721975,1507662,3201
Regions.addRegionCells,id=5;length=64,6721975,1492578,3189
Regions.addRegionCells,id=5;length=57,6721975,1333255,2822
Regions.registerRegion,6,6721975,125903,492
Regions.addRegionCells,id=6;length=64,6721975,1508406,3026
Regions.addRegionCells,id=6;length=64,6721975,1493406,3106
Regions.addRegionCells,id=6;length=64,6721975,1493334,3177
Regions.addRegionCells,id=6;length=12,6721975,308913,886
Regions.registerRegion,7,6721975,125687,452
Regions.addRegionCells,id=7;length=64,6721975,1503390,2954
Regions.addRegionCells,id=7;length=64,6721975,1492590,3190
Regions.addRegionCells,id=7;length=64,6721975,1493406,3063
Regions.addRegionCells,id=7;length=63,6721975,1470615,3225
Regions.registerRegion,8,6721975,125687,531
Regions.addRegionCells,id=8;length=64,6721975,1508358,3105
Regions.addRegionCells,id=8;length=64,6721975,1493382,3239
Regions.addRegionCells,id=8;length=64,6721975,1493298,3495
Regions.addRegionCells,id=8;length=64,6721975,1493370,3059
Regions.addRegionCells,id=8;length=24,6721975,582262,1285
